<?xml version="1.0" encoding="utf-8"?>
<countries><country><iso>BR</iso><name>Brazil</name></country><country><iso>CN</iso><name>China</name></country><country><iso>DE</iso><name>Germany</name></country><country><iso>DJ</iso><name>Yabuuti</name></country><country><iso>ER</iso><name>Eretria</name></country><country><iso>ET</iso><name>Otobbia</name></country><country><iso>FR</iso><name>France</name></country><country><iso>GB</iso><name>United Kingdom</name></country><country><iso>IN</iso><name>India</name></country><country><iso>IT</iso><name>Italy</name></country><country><iso>JP</iso><name>Japan</name></country><country><iso>RU</iso><name>Russia</name></country><country><iso>US</iso><name>United States</name></country></countries>
